OBJECTID,TRACTCE10,BLKGRPCE10,GEOID10,NAMELSAD10,INTPTLAT10,INTPTLON10,TRACT,TRBG,TRBG_STR,ACRES_TOTAL,ACRES_LAND,ACRES_WATER,WATER,SHAPE_Length,SHAPE_Area
1,000100,1,530330001001,Block Group 1,+47.7276870,-122.2815160,100,100.1,100.1,588.28300232,221.04119962,367.28557726,,21168.9185432238,25625607.5812283
2,000100,2,530330001002,Block Group 2,+47.7293165,-122.2924690,100,100.2,100.2,71.25802986,71.26321504,0,,8692.08918600554,3103999.78057221
3,000100,3,530330001003,Block Group 3,+47.7228093,-122.2894558,100,100.3,100.3,91.6046287,91.61135474,0,,8560.64576864451,3990297.62616049
4,000100,4,530330001004,Block Group 4,+47.7319367,-122.2944531,100,100.4,100.4,31.23724489,31.23930937,0,,4693.43960866212,1360694.38733924
5,000100,5,530330001005,Block Group 5,+47.7229283,-122.2944374,100,100.5,100.5,56.95654581,56.96075559,0,,7450.7592510799,2481027.13536631
6,000200,1,530330002001,Block Group 1,+47.7290869,-122.2989162,200,200.1,200.1,101.79726849,101.80445171,0,,10678.6249966596,4434289.01525131
7,000200,2,530330002002,Block Group 2,+47.7217900,-122.3028293,200,200.2,200.2,125.47193405,125.48085379,0,,10233.4855613256,5465557.44740969
8,000200,3,530330002003,Block Group 3,+47.7279294,-122.3190327,200,200.3,200.3,244.11050196,244.12850248,0,,16189.444000335,10633453.4655714
9,000200,4,530330002004,Block Group 4,+47.7286592,-122.3101784,200,200.4,200.4,93.21931376,93.22618841,0,,10082.5778572508,4060633.30720386
10,000200,5,530330002005,Block Group 5,+47.7227588,-122.3139286,200,200.5,200.5,121.03976077,121.04852457,0,,9619.46833375367,5272491.9791553
11,000200,6,530330002006,Block Group 6,+47.7292210,-122.3046804,200,200.6,200.6,126.36916985,126.37858764,0,,11359.6718083695,5504641.03865881
12,000300,1,530330003001,Block Group 1,+47.7300655,-122.3289033,300,300.1,300.1,194.79880231,194.81392869,0,,12732.4543444998,8485435.82880544
13,000300,2,530330003002,Block Group 2,+47.7313815,-122.3404296,300,300.2,300.2,104.30305384,104.31108869,0,,8613.17651519672,4543441.02525815
14,000401,1,530330004011,Block Group 1,+47.7308311,-122.3507154,401,401.1,401.1,156.03884558,148.25655675,7.79395082,,12988.2160218372,6797052.11355277
15,000401,2,530330004012,Block Group 2,+47.7295922,-122.3582502,401,401.2,401.2,100.55300951,100.56002901,0,,9265.56694301365,4380089.09443751
16,000401,3,530330004013,Block Group 3,+47.7250894,-122.3511384,401,401.3,401.3,80.37925689,67.94755504,12.43755514,,7524.35878305353,3501320.43002497
17,000402,1,530330004021,Block Group 1,+47.7223429,-122.3556433,402,402.1,402.1,79.4046978,79.41027945,0,,9197.17015502205,3458868.63634582
18,000402,2,530330004022,Block Group 2,+47.7148698,-122.3475496,402,402.2,402.2,185.41161565,185.42515974,0,,14840.491260686,8076529.97771601
19,000402,3,530330004023,Block Group 3,+47.7141594,-122.3555649,402,402.3,402.3,79.73884688,79.74510724,0,,7895.82816474951,3473424.17024691
20,000402,4,530330004024,Block Group 4,+47.7183437,-122.3561478,402,402.4,402.4,99.93905857,99.94621924,0,,9214.26597277981,4353345.39152484
21,000500,1,530330005001,Block Group 1,+47.7249329,-122.3718768,500,500.1,500.1,682.00914266,451.64364775,230.41489515,,29423.3798824871,29708318.2542044
22,000500,2,530330005002,Block Group 2,+47.7206019,-122.3636520,500,500.2,500.2,99.95038975,99.95684477,0,,9319.31039717193,4353838.97735375
23,000500,3,530330005003,Block Group 3,+47.7152604,-122.3663004,500,500.3,500.3,160.77026326,160.78208141,0,,15730.0491018361,7003152.66781598
24,000600,1,530330006001,Block Group 1,+47.7251219,-122.3365251,600,600.1,600.1,222.5895178,222.6058709,0,,14009.6409558696,9695999.3952464
25,000600,2,530330006002,Block Group 2,+47.7149025,-122.3152640,600,600.2,600.2,61.11395488,61.11830362,0,,6746.36563041532,2662123.87470253
26,000600,3,530330006003,Block Group 3,+47.7197645,-122.3371991,600,600.3,600.3,202.80420833,189.42011244,13.39879507,,15006.4187027481,8834151.31475641
27,000600,4,530330006004,Block Group 4,+47.7120765,-122.3371285,600,600.4,600.4,240.76208487,240.77874193,0,,15489.9076158641,10487596.4169116
28,000600,5,530330006005,Block Group 5,+47.7177460,-122.3255867,600,600.5,600.5,139.02690217,139.03680788,0,,12749.0384753608,6056011.85836174
29,000600,6,530330006006,Block Group 6,+47.7160682,-122.3190489,600,600.6,600.6,82.0165179,82.02267754,0,,10808.8708231741,3572639.51983391
30,000700,1,530330007001,Block Group 1,+47.7174424,-122.2946004,700,700.1,700.1,51.1594701,51.16292203,0,,6079.15562887263,2228506.51738287
31,000700,2,530330007002,Block Group 2,+47.7147743,-122.2973820,700,700.2,700.2,107.9858159,107.99370019,0,,10635.4576386385,4703862.14064288
32,000700,3,530330007003,Block Group 3,+47.7175538,-122.3072289,700,700.3,700.3,80.5790963,80.58477132,0,,7961.79747113868,3510025.4347066
33,000700,4,530330007004,Block Group 4,+47.7139286,-122.3071403,700,700.4,700.4,80.17422145,80.17976561,0,,8011.24671764752,3492389.08633015
34,000800,1,530330008001,Block Group 1,+47.7153863,-122.2871500,800,800.1,800.1,120.43048927,120.43866849,0,,9051.52634020123,5245952.11243016
35,000800,2,530330008002,Block Group 2,+47.7081668,-122.2852865,800,800.2,800.2,161.64258135,161.65362209,0,,10747.8359181506,7041150.8435452
36,000900,1,530330009001,Block Group 1,+47.7127864,-122.2796303,900,900.1,900.1,129.13614949,129.14542659,0,,13156.5403195235,5625170.67180073
37,000900,2,530330009002,Block Group 2,+47.7063747,-122.2749586,900,900.2,900.2,742.53421703,117.08470715,625.50007487,,27444.151791767,32344790.4937186
38,001000,1,530330010001,Block Group 1,+47.7096097,-122.2963087,1000,1000.1,1000.1,91.7280907,91.73466033,0,,8826.37123309227,3995675.63081915
39,001000,2,530330010002,Block Group 2,+47.7043679,-122.2959096,1000,1000.2,1000.2,144.10757469,144.11680031,0,,11086.1691851686,6277325.95361728
40,001100,1,530330011001,Block Group 1,+47.7092748,-122.3057238,1100,1100.1,1100.1,124.79669057,124.80477347,0,,11798.5842328785,5436143.8413546
41,001100,2,530330011002,Block Group 2,+47.7040663,-122.3077925,1100,1100.2,1100.2,137.22105691,137.23022044,0,,10895.0848944927,5977349.23898647
42,001200,1,530330012001,Block Group 1,+47.7067404,-122.3151128,1200,1200.1,1200.1,122.01634255,122.02533214,0,,10652.1846046809,5315031.88137255
43,001200,2,530330012002,Block Group 2,+47.7043280,-122.3200238,1200,1200.2,1200.2,60.69592136,60.70020132,0,,7972.88381246276,2643914.33442875
44,001200,3,530330012003,Block Group 3,+47.7091931,-122.3210308,1200,1200.3,1200.3,61.02059177,61.02489779,0,,7987.79697034135,2658056.97770139
45,001200,4,530330012004,Block Group 4,+47.7075152,-122.3264452,1200,1200.4,1200.4,120.59992258,120.60818278,0,,11662.7456278132,5253332.62746743
46,001200,5,530330012005,Block Group 5,+47.7075947,-122.3316209,1200,1200.5,1200.5,88.83946048,88.84550421,0,,10573.1664593519,3869846.89856423
47,001300,1,530330013001,Block Group 1,+47.7028559,-122.3378598,1300,1300.1,1300.1,124.93007082,124.93771616,0,,10566.2778600575,5441953.88493644
48,001300,2,530330013002,Block Group 2,+47.7048217,-122.3460347,1300,1300.2,1300.2,60.5702055,60.57417757,0,,6874.8105253661,2638438.15149161
49,001300,3,530330013003,Block Group 3,+47.7001728,-122.3450381,1300,1300.3,1300.3,107.05090791,107.05815921,0,,9575.08703671031,4663137.54834624
50,001400,1,530330014001,Block Group 1,+47.7105298,-122.3555061,1400,1400.1,1400.1,79.78973977,79.79502253,0,,7897.75821163859,3475641.06424268
51,001400,2,530330014002,Block Group 2,+47.7070891,-122.3585466,1400,1400.2,1400.2,127.81810149,127.82711938,0,,12509.1297860459,5567756.50087863
52,001400,3,530330014003,Block Group 3,+47.7028664,-122.3643080,1400,1400.3,1400.3,93.59317613,93.59931753,0,,9849.81539342599,4076918.7523278
53,001400,4,530330014004,Block Group 4,+47.7062878,-122.3734343,1400,1400.4,1400.4,279.14355655,226.91637716,52.24623202,,25787.1112645976,12159493.3234403
54,001500,1,530330015001,Block Group 1,+47.6961958,-122.3905366,1500,1500.1,1500.1,129.06682115,129.07524866,0,,11408.8324138861,5622150.72912921
55,001500,2,530330015002,Block Group 2,+47.6979157,-122.3990268,1500,1500.2,1500.2,258.60910052,160.15838743,98.46803485,,17524.0415107973,11265012.4188464
56,001600,1,530330016001,Block Group 1,+47.7056204,-122.3809955,1600,1600.1,1600.1,361.5179333,248.43802032,113.10433368,,21083.6639359759,15747721.1743834
57,001600,2,530330016002,Block Group 2,+47.6963993,-122.3832979,1600,1600.2,1600.2,163.45578933,163.46712848,0,,13129.9857094623,7120134.18314454
58,001600,3,530330016003,Block Group 3,+47.6933275,-122.3779540,1600,1600.3,1600.3,92.4356263,92.44212303,0,,9721.48881429851,4026495.88180139
59,001701,1,530330017011,Block Group 1,+47.6921888,-122.3576268,1701,1701.1,1701.1,79.99952024,80.0050621,0,,9238.22838160238,3484779.10146143
60,001701,2,530330017012,Block Group 2,+47.6958402,-122.3525289,1701,1701.2,1701.2,75.33015007,75.33526461,0,,7927.01048153645,3281381.33701239
61,001701,3,530330017013,Block Group 3,+47.7020793,-122.3528889,1701,1701.3,1701.3,65.26378539,65.26819139,0,,7933.73690648551,2842890.49141166
62,001702,1,530330017021,Block Group 1,+47.6992780,-122.3574379,1702,1702.1,1702.1,84.91221987,84.91726997,0,,9870.98352017141,3698776.29750469
63,001702,2,530330017022,Block Group 2,+47.6924455,-122.3687262,1702,1702.2,1702.2,80.2825413,80.28799776,0,,7946.06149988065,3497107.49907197
64,001702,3,530330017023,Block Group 3,+47.6963785,-122.3684070,1702,1702.3,1702.3,72.72438954,72.72904416,0,,7945.95675807809,3167874.40853697
65,001702,4,530330017024,Block Group 4,+47.6978405,-122.3619724,1702,1702.4,1702.4,78.40999519,78.41543319,0,,8057.55191185531,3415539.39029095
66,001800,1,530330018001,Block Group 1,+47.6942077,-122.3375804,1800,1800.1,1800.1,104.2410782,104.24832393,0,,9593.99111223254,4540741.36652897
67,001800,2,530330018002,Block Group 2,+47.6922220,-122.3443809,1800,1800.2,1800.2,60.31152722,60.31570534,0,,7420.71180707359,2627170.12573881
68,001800,3,530330018003,Block Group 3,+47.6954034,-122.3465577,1800,1800.3,1800.3,68.44525066,68.44992027,0,,8213.04864355208,2981475.11879668
69,001900,1,530330019001,Block Group 1,+47.6994924,-122.3280425,1900,1900.1,1900.1,189.25180224,189.26418894,0,,14967.5667534553,8243808.50535831
70,001900,2,530330019002,Block Group 2,+47.6949507,-122.3203287,1900,1900.2,1900.2,102.399151,102.40640042,0,,9318.03039264333,4460507.01766692
71,001900,3,530330019003,Block Group 3,+47.6932037,-122.3283714,1900,1900.3,1900.3,119.32003173,119.3276827,0,,11464.4734242546,5197580.58216547
72,002000,1,530330020001,Block Group 1,+47.6935121,-122.3108328,2000,2000.1,2000.1,137.55698922,130.47954854,7.08698233,,14838.5157821439,5991982.4505752
73,002000,2,530330020002,Block Group 2,+47.6989841,-122.3135657,2000,2000.2,2000.2,76.06511314,76.0696618,0,,7312.20266213353,3313396.32852932
74,002000,3,530330020003,Block Group 3,+47.6946512,-122.3139541,2000,2000.3,2000.3,66.07607124,66.08017967,0,,7310.17473023089,2878273.66310266
75,002100,1,530330021001,Block Group 1,+47.6962622,-122.2939347,2100,2100.1,2100.1,140.28513063,140.29432717,0,,12983.3368802037,6110820.29043107
76,002100,2,530330021002,Block Group 2,+47.6975256,-122.3007329,2100,2100.2,2100.2,87.78955751,87.79555345,0,,9293.94057036293,3824113.1249494
77,002100,3,530330021003,Block Group 3,+47.6924853,-122.3011618,2100,2100.3,2100.3,109.31635284,109.32436266,0,,10128.1518629619,4761820.32958003
78,002200,1,530330022001,Block Group 1,+47.7017757,-122.2834575,2200,2200.1,2200.1,152.23473342,152.2445905,0,,11762.5645633216,6631344.98790548
79,002200,2,530330022002,Block Group 2,+47.6962437,-122.2861748,2200,2200.2,2200.2,140.30726738,140.31656665,0,,10785.4959684165,6111784.56703481
80,002200,3,530330022003,Block Group 3,+47.6922985,-122.2695132,2200,2200.3,2200.3,516.13310164,148.3138852,367.85268411,,35611.8938064232,22482757.9076546
81,002200,4,530330022004,Block Group 4,+47.6873368,-122.2727892,2200,2200.4,2200.4,243.08784246,243.10350935,0,,13689.3032233011,10588906.4177698
82,002400,1,530330024001,Block Group 1,+47.6879755,-122.2845965,2400,2400.1,2400.1,102.22961151,102.2356506,0,,9887.05733258706,4453121.87748
83,002400,2,530330024002,Block Group 2,+47.6844333,-122.2848394,2400,2400.2,2400.2,44.01246246,44.01515178,0,,6902.78997130035,1917182.8647346
84,002400,3,530330024003,Block Group 3,+47.6863314,-122.2926620,2400,2400.3,2400.3,95.4374909,95.4437121,0,,8909.85909269679,4157257.10370744
85,002500,1,530330025001,Block Group 1,+47.6865099,-122.3014750,2500,2500.1,2500.1,153.69036109,153.69979409,0,,11156.6455604083,6694752.12894983
86,002500,2,530330025002,Block Group 2,+47.6794113,-122.3036600,2500,2500.2,2500.2,89.52872165,89.53418691,0,,8218.5413887249,3899871.11512221
87,002600,1,530330026001,Block Group 1,+47.6875890,-122.3094869,2600,2600.1,2600.1,60.62676523,60.63101181,0,,6637.0107415817,2640901.89333189
88,002600,2,530330026002,Block Group 2,+47.6822031,-122.3113993,2600,2600.2,2600.2,100.19939966,93.24373289,6.96219411,,9220.04685388709,4364685.84927415
89,002600,3,530330026003,Block Group 3,+47.6776154,-122.3120030,2600,2600.3,2600.3,80.76214299,80.7673822,0,,7990.4914514131,3517998.94844075
90,002600,4,530330026004,Block Group 4,+47.6860363,-122.3147077,2600,2600.4,2600.4,65.99611256,66.00036463,0,,8194.96294502815,2874790.66312473
91,002700,1,530330027001,Block Group 1,+47.6870853,-122.3206511,2700,2700.1,2700.1,89.49907704,89.50453426,0,,8051.8565329015,3898579.79590027
92,002700,2,530330027002,Block Group 2,+47.6867117,-122.3278947,2700,2700.2,2700.2,123.07613349,123.0841787,0,,12323.3652351907,5361196.37471135
93,002700,3,530330027003,Block Group 3,+47.6871297,-122.3344937,2700,2700.3,2700.3,77.95002698,77.95482875,0,,8248.82285409885,3395503.17509635
94,002700,4,530330027004,Block Group 4,+47.6866649,-122.3415091,2700,2700.4,2700.4,103.27977117,103.28683689,0,,9323.11474813895,4498866.83231599
95,002800,1,530330028001,Block Group 1,+47.6854820,-122.3499053,2800,2800.1,2800.1,64.90506596,64.90890016,0,,7447.41635581848,2827264.67332809
96,002800,2,530330028002,Block Group 2,+47.6829111,-122.3498650,2800,2800.2,2800.2,49.7776691,49.78061453,0,,6978.02645660529,2168315.26586996
97,002800,3,530330028003,Block Group 3,+47.6807271,-122.3500333,2800,2800.3,2800.3,47.34934029,47.35206284,0,,6815.88970514715,2062537.26323172
98,002800,4,530330028004,Block Group 4,+47.6887575,-122.3499161,2800,2800.4,2800.4,80.95332052,80.95864177,0,,7967.4030423153,3526326.64169351
99,002900,1,530330029001,Block Group 1,+47.6885797,-122.3604052,2900,2900.1,2900.1,89.13396596,89.13980672,0,,8502.35050227617,3882675.55732523
100,002900,2,530330029002,Block Group 2,+47.6826560,-122.3583474,2900,2900.2,2900.2,81.68073769,81.6858729,0,,8432.03589610916,3558012.93358167
101,002900,3,530330029003,Block Group 3,+47.6835401,-122.3635194,2900,2900.3,2900.3,72.86697157,72.87137686,0,,8090.42742270168,3174085.28138612
102,003000,1,530330030001,Block Group 1,+47.6850937,-122.3681951,3000,3000.1,3000.1,101.49961229,101.5054542,0,,10287.3311290886,4421323.11138514
103,003000,2,530330030002,Block Group 2,+47.6887443,-122.3762934,3000,3000.2,3000.2,90.65587223,90.66197587,0,,8523.3646768192,3948969.7942276
104,003000,3,530330030003,Block Group 3,+47.6832235,-122.3735987,3000,3000.3,3000.3,96.55559936,96.56161684,0,,8505.67075489371,4205961.90830894
105,003000,4,530330030004,Block Group 4,+47.6832293,-122.3794379,3000,3000.4,3000.4,80.25636352,80.26081617,0,,7997.6795470279,3495967.195045
106,003100,1,530330031001,Block Group 1,+47.6877831,-122.3854445,3100,3100.1,3100.1,75.56126058,75.56655525,0,,7308.5429763902,3291448.51085466
107,003100,2,530330031002,Block Group 2,+47.6865857,-122.3912517,3100,3100.2,3100.2,76.70034766,76.70496974,0,,8234.76685774534,3341067.14401732
108,003100,3,530330031003,Block Group 3,+47.6822826,-122.3854552,3100,3100.3,3100.3,73.03217329,73.03693746,0,,7228.80369423883,3181281.46866087
109,003100,4,530330031004,Block Group 4,+47.6812294,-122.3950644,3100,3100.4,3100.4,95.07326113,95.07947876,0,,9185.6209784823,4141391.25492649
110,003100,5,530330031005,Block Group 5,+47.6887931,-122.4026705,3100,3100.5,3100.5,346.37294954,231.36377981,115.03150854,,21985.2798890018,15088005.6818579
111,003200,1,530330032001,Block Group 1,+47.6773676,-122.3902634,3200,3200.1,3200.1,47.22033401,47.22307384,0,,5778.42498774238,2056917.74942835
112,003200,2,530330032002,Block Group 2,+47.6730961,-122.3902570,3200,3200.2,3200.2,47.97010943,47.97328577,0,,5813.32467457536,2089577.96656313
113,003200,3,530330032003,Block Group 3,+47.6662846,-122.3966514,3200,3200.3,3200.3,159.28614211,110.00464378,49.28961614,,13365.2129001337,6938504.35038945
114,003200,4,530330032004,Block Group 4,+47.6696757,-122.4001922,3200,3200.4,3200.4,64.73725841,64.74086851,0,,8291.56776747893,2819954.97620745
115,003200,5,530330032005,Block Group 5,+47.6730454,-122.3956487,3200,3200.5,3200.5,47.51161046,47.51465819,0,,5781.23215220602,2069605.75177081
116,003200,6,530330032006,Block Group 6,+47.6815466,-122.4064312,3200,3200.6,3200.6,416.96867644,215.53618594,201.45760397,,24865.0781174262,18163155.5456339
117,003200,7,530330032007,Block Group 7,+47.6774889,-122.3975860,3200,3200.7,3200.7,78.59943929,78.60397459,0,,8570.26919656977,3423791.57530362
118,003300,1,530330033001,Block Group 1,+47.6777674,-122.3713523,3300,3300.1,3300.1,78.98855907,78.99341267,0,,7832.41180478384,3440741.6331005
119,003300,2,530330033002,Block Group 2,+47.6741774,-122.3697940,3300,3300.2,3300.2,55.45949703,55.46255566,0,,6318.98813656208,2415815.69046902
120,003300,3,530330033003,Block Group 3,+47.6741751,-122.3778037,3300,3300.3,3300.3,64.68804904,64.69218875,0,,6884.87672414164,2817811.41604861
121,003300,4,530330033004,Block Group 4,+47.6747620,-122.3850881,3300,3300.4,3300.4,52.19541008,52.19829358,0,,6572.12043429748,2273632.06300283
122,003300,5,530330033005,Block Group 5,+47.6779561,-122.3815156,3300,3300.5,3300.5,68.98897997,68.9930579,0,,8277.81515002468,3005159.96764351
123,003400,1,530330034001,Block Group 1,+47.6741647,-122.3617733,3400,3400.1,3400.1,65.02671622,65.03047601,0,,6916.47519421525,2832563.75842052
124,003400,2,530330034002,Block Group 2,+47.6777748,-122.3617009,3400,3400.2,3400.2,62.75213839,62.75537677,0,,6841.85033382948,2733483.14813367
125,003400,3,530330034003,Block Group 3,+47.6704775,-122.3617627,3400,3400.3,3400.3,66.71889707,66.72240656,0,,7263.17336814281,2906275.15619142
126,003500,1,530330035001,Block Group 1,+47.6778488,-122.3516058,3500,3500.1,3500.1,86.09252216,86.09818659,0,,8582.84905477558,3750190.26523871
127,003500,2,530330035002,Block Group 2,+47.6740749,-122.3520619,3500,3500.2,3500.2,82.91517413,82.91892875,0,,8854.84793394069,3611784.98496643
128,003500,3,530330035003,Block Group 3,+47.6686178,-122.3523824,3500,3500.3,3500.3,148.4447521,148.45424106,0,,10862.7192131719,6466253.40161472
129,003600,1,530330036001,Block Group 1,+47.6771206,-122.3197627,3600,3600.1,3600.1,96.4667153,96.47364732,0,,12797.7282939823,4202090.11846706
130,003600,2,530330036002,Block Group 2,+47.6812640,-122.3238450,3600,3600.2,3600.2,56.75509349,56.75887049,0,,8789.4899134177,2472251.87230379
131,003600,3,530330036003,Block Group 3,+47.6740951,-122.3284474,3600,3600.3,3600.3,75.66113634,75.66589161,0,,7518.62195220191,3295799.0989947
132,003600,4,530330036004,Block Group 4,+47.6773394,-122.3261239,3600,3600.4,3600.4,66.7496599,66.75403604,0,,8219.10628523894,2907615.18524497
133,003800,1,530330038001,Block Group 1,+47.6793215,-122.2932360,3800,3800.1,3800.1,85.44414451,85.44953496,0,,8257.85652902504,3721946.93464414
134,003800,2,530330038002,Block Group 2,+47.6795181,-122.2983733,3800,3800.2,3800.2,68.88990954,68.89396864,0,,7727.43350628476,3000844.45954752
135,003900,1,530330039001,Block Group 1,+47.6796707,-122.2855956,3900,3900.1,3900.1,140.6053213,140.61383443,0,,10583.1137085984,6124767.7956825
136,003900,2,530330039002,Block Group 2,+47.6790474,-122.2777666,3900,3900.2,3900.2,100.01302076,100.01911533,0,,9230.3325187116,4356567.184345
137,004000,1,530330040001,Block Group 1,+47.6817180,-122.2523680,4000,4000.1,4000.1,1520.01032599,560.89807959,959.20501928,,38119.1561243177,66211649.8000217
138,004000,2,530330040002,Block Group 2,+47.6792461,-122.2717383,4000,4000.2,4000.2,83.29650603,83.30169499,0,,9083.8436166638,3628395.80266144
139,004100,1,530330041001,Block Group 1,+47.6724257,-122.2610321,4100,4100.1,4100.1,89.81693736,89.82231178,0,,11283.0223855946,3912425.79133847
140,004100,2,530330041002,Block Group 2,+47.6678440,-122.2587932,4100,4100.2,4100.2,1514.63931453,266.97413626,1247.7512082,,39073.55167952,65977688.5410613
141,004100,3,530330041003,Block Group 3,+47.6590379,-122.2757947,4100,4100.3,4100.3,116.04853294,116.05551324,0,,11611.2035481282,5055074.09500667
142,004100,4,530330041004,Block Group 4,+47.6643886,-122.2787377,4100,4100.4,4100.4,119.1479913,119.15545025,0,,9478.58786089842,5190086.50115014
143,004100,5,530330041005,Block Group 5,+47.6591502,-122.2856328,4100,4100.5,4100.5,91.00176854,91.00668787,0,,10038.3156829683,3964037.03768158
144,004100,6,530330041006,Block Group 6,+47.6516448,-122.2800457,4100,4100.6,4100.6,273.9594163,124.41830065,149.55583685,,16194.8588097953,11933672.174213
145,004200,1,530330042001,Block Group 1,+47.6727578,-122.2731724,4200,4200.1,4200.1,161.76493023,161.77519794,0,,11988.4909543866,7046480.36091032
146,004200,2,530330042002,Block Group 2,+47.6708004,-122.2821387,4200,4200.2,4200.2,126.75160272,126.75912992,0,,12017.5302054097,5521299.81428681
147,004200,3,530330042003,Block Group 3,+47.6646956,-122.2902948,4200,4200.3,4200.3,135.96572036,135.97368958,0,,11003.9966770013,5922666.77887314
148,004200,4,530330042004,Block Group 4,+47.6710683,-122.2877236,4200,4200.4,4200.4,93.05365783,93.05963938,0,,9140.27868744839,4053417.33520421
149,004200,5,530330042005,Block Group 5,+47.6721739,-122.2932774,4200,4200.5,4200.5,91.29668817,91.30222591,0,,8344.68530595988,3976883.73674623
150,004301,1,530330043011,Block Group 1,+47.6645729,-122.2978689,4301,4301.1,4301.1,85.10723429,85.11198901,0,,8787.38712519708,3707271.12564491
151,004301,2,530330043012,Block Group 2,+47.6721066,-122.2984779,4301,4301.2,4301.2,64.6105879,64.61459766,0,,7466.07769869921,2814437.20874481
152,004301,3,530330043013,Block Group 3,+47.6719615,-122.3036139,4301,4301.3,4301.3,92.27283071,92.27829216,0,,8412.20099055011,4019404.50555949
153,004302,1,530330043021,Block Group 1,+47.6649254,-122.3051533,4302,4302.1,4302.1,36.47047605,36.47250713,0,,6405.90638752174,1588653.9366866
154,004302,2,530330043022,Block Group 2,+47.6645917,-122.3023389,4302,4302.2,4302.2,45.24626411,45.24870184,0,,7175.79970297413,1970927.26467298
155,004400,1,530330044001,Block Group 1,+47.6721663,-122.3092048,4400,4400.1,4400.1,80.8964644,80.90131332,0,,7958.92929327924,3523849.98928221
156,004400,2,530330044002,Block Group 2,+47.6721681,-122.3146340,4400,4400.2,4400.2,81.7785284,81.78422084,0,,7985.62972512939,3562272.6972265
157,004400,3,530330044003,Block Group 3,+47.6667007,-122.3091995,4400,4400.3,4400.3,40.9199315,40.92287504,0,,5333.14422054544,1782472.21611007
158,004400,4,530330044004,Block Group 4,+47.6667282,-122.3146529,4400,4400.4,4400.4,41.00087907,41.00318429,0,,5348.22631868132,1785998.29225201
159,004500,1,530330045001,Block Group 1,+47.6685438,-122.3195230,4500,4500.1,4500.1,64.19234804,64.19649535,0,,7318.50679411416,2796218.68054944
160,004500,2,530330045002,Block Group 2,+47.6686067,-122.3250516,4500,4500.2,4500.2,101.60516149,101.6112153,0,,9006.5098621335,4425920.83465563
161,004600,1,530330046001,Block Group 1,+47.6830920,-122.3378674,4600,4600.1,4600.1,519.68711708,264.40201635,255.31693992,,22182.7079550133,22637570.8200838
162,004600,2,530330046002,Block Group 2,+47.6700086,-122.3322590,4600,4600.2,4600.2,75.3649352,75.36911805,0,,7715.33314170626,3282896.57716062
163,004600,3,530330046003,Block Group 3,+47.6663665,-122.3326052,4600,4600.3,4600.3,43.82224402,43.82463353,0,,6109.30465138155,1908896.94970831
164,004700,1,530330047001,Block Group 1,+47.6701208,-122.3698375,4700,4700.1,4700.1,67.34716026,67.35153686,0,,6853.19533749317,2933642.30088862
165,004700,2,530330047002,Block Group 2,+47.6632881,-122.3713819,4700,4700.2,4700.2,242.63462779,205.0408791,37.60869767,,14173.9771655438,10569164.386631
166,004700,3,530330047003,Block Group 3,+47.6702550,-122.3776200,4700,4700.3,4700.3,74.41076415,74.41479707,0,,7515.97106433549,3241332.88630576
167,004700,4,530330047004,Block Group 4,+47.6654796,-122.3828943,4700,4700.4,4700.4,184.90579393,135.27413425,49.64124709,,13800.3904691632,8054496.38342045
168,004800,1,530330048001,Block Group 1,+47.6658749,-122.3594913,4800,4800.1,4800.1,68.21187741,68.21541727,0,,8285.56990412913,2971309.3800518
169,004800,2,530330048002,Block Group 2,+47.6596645,-122.3581925,4800,4800.2,4800.2,73.08497535,73.08882959,0,,7465.3066460422,3183581.52620868
170,004800,3,530330048003,Block Group 3,+47.6557185,-122.3612071,4800,4800.3,4800.3,123.91676603,113.65537867,10.26846411,,13225.6235889491,5397814.32848396
171,004800,4,530330048004,Block Group 4,+47.6640496,-122.3638421,4800,4800.4,4800.4,70.86076847,70.86488116,0,,8622.3846070104,3086695.07448679
172,004900,1,530330049001,Block Group 1,+47.6635854,-122.3513594,4900,4900.1,4900.1,48.47482594,48.47812207,0,,6136.34610904013,2111563.41815429
173,004900,2,530330049002,Block Group 2,+47.6520110,-122.3495899,4900,4900.2,4900.2,83.98967957,77.7363876,6.25794377,,11178.6348913919,3658590.44206819
174,004900,3,530330049003,Block Group 3,+47.6536225,-122.3525730,4900,4900.3,4900.3,41.22991309,41.23175677,0,,5390.0879731311,1795975.01422961
175,004900,4,530330049004,Block Group 4,+47.6578067,-122.3527238,4900,4900.4,4900.4,54.31560749,54.31870485,0,,6225.00514079024,2365987.86223897
176,004900,5,530330049005,Block Group 5,+47.6605204,-122.3505267,4900,4900.5,4900.5,46.54576163,46.54773483,0,,7239.27557333052,2027533.37645089
177,005000,1,530330050001,Block Group 1,+47.6627109,-122.3408242,5000,5000.1,5000.1,91.61094855,91.61580264,0,,9864.7585329306,3990572.91890718
178,005000,2,530330050002,Block Group 2,+47.6579095,-122.3416325,5000,5000.2,5000.2,52.36897252,52.37151445,0,,7285.96783819114,2281192.44298298
179,005000,3,530330050003,Block Group 3,+47.6605528,-122.3441072,5000,5000.3,5000.3,43.16276421,43.16535637,0,,5944.64829633937,1880170.0090723
180,005100,1,530330051001,Block Group 1,+47.6626673,-122.3323151,5100,5100.1,5100.1,79.20361632,79.20814725,0,,7475.88048506105,3450109.52688391
181,005100,2,530330051002,Block Group 2,+47.6579054,-122.3321505,5100,5100.2,5100.2,78.78514776,78.78930363,0,,7529.28477139226,3431881.03629618
182,005100,3,530330051003,Block Group 3,+47.6538364,-122.3322878,5100,5100.3,5100.3,59.8748827,59.87808171,0,,6489.88406035462,2608149.89057678
183,005200,1,530330052001,Block Group 1,+47.6593030,-122.3209742,5200,5200.1,5200.1,18.67664312,18.67746022,0,,4719.78610143682,813554.574190423
184,005200,2,530330052002,Block Group 2,+47.6567013,-122.3203201,5200,5200.2,5200.2,41.709782,36.43544132,5.2761941,,6539.50875237027,1816878.10379714
185,005200,3,530330052003,Block Group 3,+47.6567017,-122.3251205,5200,5200.3,5200.3,83.65246681,67.78495969,15.87207283,,10873.1548706055,3643901.45432418
186,005200,4,530330052004,Block Group 4,+47.6621062,-122.3252398,5200,5200.4,5200.4,74.77350667,74.77754777,0,,7538.28853530162,3257133.95056458
187,005200,5,530330052005,Block Group 5,+47.6625974,-122.3194607,5200,5200.5,5200.5,40.71039745,40.71234126,0,,6116.57135719139,1773344.91275218
188,005301,1,530330053011,Block Group 1,+47.6630600,-122.3086776,5301,5301.1,5301.1,32.12870707,32.13111269,0,,4758.85069026771,1399526.47989506
189,005301,2,530330053012,Block Group 2,+47.6630891,-122.3141376,5301,5301.2,5301.2,49.53838597,49.54141652,0,,5954.87223225757,2157892.09290466
190,005301,3,530330053013,Block Group 3,+47.6598051,-122.3148582,5301,5301.3,5301.3,35.00480929,35.00667801,0,,4967.23015775874,1524809.49285107
191,005301,4,530330053014,Block Group 4,+47.6575928,-122.3149186,5301,5301.4,5301.4,17.61782332,17.61886077,0,,3921.77733890475,767432.383757048
192,005302,1,530330053021,Block Group 1,+47.6560948,-122.3150729,5302,5302.1,5302.1,18.3177035,18.31891032,0,,4132.35542710379,797919.164339109
193,005302,2,530330053022,Block Group 2,+47.6517819,-122.3128109,5302,5302.2,5302.2,143.99964447,94.65470461,49.3523809,,11308.3680880821,6272624.51294787
194,005302,3,530330053023,Block Group 3,+47.6545393,-122.2987336,5302,5302.3,5302.3,642.42920144,507.64810551,134.81600087,,21268.7086496262,27984216.0149263
195,005400,1,530330054001,Block Group 1,+47.6538068,-122.3384425,5400,5400.1,5400.1,55.70606662,55.70916683,0,,6988.09146963087,2426556.26175204
196,005400,2,530330054002,Block Group 2,+47.6468862,-122.3369386,5400,5400.2,5400.2,270.5602244,110.67504067,159.89942099,,18302.7268291632,11785603.3749593
197,005400,3,530330054003,Block Group 3,+47.6502651,-122.3424926,5400,5400.3,5400.3,76.13387362,76.13761578,0,,8406.11928401546,3316391.53494028
198,005400,4,530330054004,Block Group 4,+47.6546505,-122.3439559,5400,5400.4,5400.4,53.82298059,53.82548251,0,,6683.0212606751,2344529.03464629
199,005600,1,530330056001,Block Group 1,+47.6497851,-122.4068413,5600,5600.1,5600.1,117.45500086,117.46154286,0,,10409.1976880573,5116339.83745233
200,005600,2,530330056002,Block Group 2,+47.6478278,-122.4172292,5600,5600.2,5600.2,270.50713935,177.97246145,92.54936677,,15756.6372978284,11783290.9902013
201,005600,3,530330056003,Block Group 3,+47.6359129,-122.4056136,5600,5600.3,5600.3,516.70268555,217.0497064,299.67902765,,26314.8566713114,22507568.9827163
202,005600,4,530330056004,Block Group 4,+47.6425888,-122.4050362,5600,5600.4,5600.4,111.40853276,111.4153684,0,,10160.9061108003,4852955.68687447
203,005600,5,530330056005,Block Group 5,+47.6362536,-122.3946955,5600,5600.5,5600.5,125.54801931,125.55374988,0,,10496.6909981456,5468871.72116727
204,005700,1,530330057001,Block Group 1,+47.6633360,-122.4201375,5700,5700.1,5700.1,1310.42566519,755.11351905,555.3876296,,34760.3406236427,57082141.9754816
205,005700,2,530330057002,Block Group 2,+47.6482793,-122.3941116,5700,5700.2,5700.2,96.38077745,96.38592491,0,,11275.6777723139,4198346.6656086
206,005700,3,530330057003,Block Group 3,+47.6428035,-122.3971918,5700,5700.3,5700.3,106.59577501,106.60126136,0,,10111.5317816153,4643311.95963445
207,005700,4,530330057004,Block Group 4,+47.6504401,-122.4002518,5700,5700.4,5700.4,99.83427884,99.83971682,0,,8589.02229980499,4348781.18647789
208,005700,5,530330057005,Block Group 5,+47.6622024,-122.3991989,5700,5700.5,5700.5,130.32841827,118.40869778,11.92629411,,14071.2171743096,5677105.89991479
209,005700,6,530330057006,Block Group 6,+47.6567621,-122.3995247,5700,5700.6,5700.6,85.69600974,85.70084113,0,,7821.13390760313,3732918.1843355
210,005801,1,530330058011,Block Group 1,+47.6509327,-122.3850422,5801,5801.1,5801.1,52.57194564,52.57463507,0,,6202.09697607517,2290033.95228438
211,005801,2,530330058012,Block Group 2,+47.6510078,-122.3920953,5801,5801.2,5801.2,52.2893543,51.20937784,1.08207446,,6223.58318096496,2277724.27347049
212,005801,3,530330058013,Block Group 3,+47.6553579,-122.3912139,5801,5801.3,5801.3,83.58162661,83.58636039,0,,8430.24467031756,3640815.65507717
213,005801,4,530330058014,Block Group 4,+47.6567416,-122.3840158,5801,5801.4,5801.4,325.85904174,252.39738984,73.48049162,,20968.7448329857,14194419.8580455
214,005802,1,530330058021,Block Group 1,+47.6456803,-122.3864904,5802,5802.1,5802.1,90.75283764,90.75735854,0,,9384.68469397009,3953193.60779444
215,005802,2,530330058022,Block Group 2,+47.6375097,-122.3754167,5802,5802.2,5802.2,278.42420483,278.43883752,0,,22479.8895725824,12128158.3623558
216,005802,3,530330058023,Block Group 3,+47.6295765,-122.3801593,5802,5802.3,5802.3,680.56616227,394.75035194,285.84829237,,35950.1999304809,29645462.0285683
217,005900,1,530330059001,Block Group 1,+47.6539157,-122.3693458,5900,5900.1,5900.1,160.54676036,117.58633108,42.9689076,,13874.5556717567,6993416.88119306
218,005900,2,530330059002,Block Group 2,+47.6490452,-122.3714770,5900,5900.2,5900.2,88.94959559,88.95373637,0,,8884.06330147017,3874644.3836887
219,005900,3,530330059003,Block Group 3,+47.6485707,-122.3642603,5900,5900.3,5900.3,51.40009847,51.40286136,0,,6361.86865267181,2238988.2891934
220,005900,4,530330059004,Block Group 4,+47.6433049,-122.3711193,5900,5900.4,5900.4,83.04705792,83.05162434,0,,10073.9324837282,3617529.84300342
221,005900,5,530330059005,Block Group 5,+47.6430260,-122.3645147,5900,5900.5,5900.5,105.31070981,105.31680759,0,,9238.81959680592,4587334.51949032
222,006000,1,530330060001,Block Group 1,+47.6411872,-122.3434119,6000,6000.1,6000.1,84.87132019,63.05956349,21.81668698,,9021.4627291575,3696994.7073444
223,006000,2,530330060002,Block Group 2,+47.6438245,-122.3512017,6000,6000.2,6000.2,109.83257438,106.21997776,3.61811699,,9252.60025566246,4784306.94015643
224,006000,3,530330060003,Block Group 3,+47.6432640,-122.3577261,6000,6000.3,6000.3,95.84587465,95.85118887,0,,8518.43090483328,4175046.29965413
225,006000,4,530330060004,Block Group 4,+47.6490017,-122.3568402,6000,6000.4,6000.4,79.96787317,68.2720044,11.69994558,,8542.78933658174,3483400.5550883
226,006100,1,530330061001,Block Group 1,+47.6482498,-122.3201878,6100,6100.1,6100.1,94.54170483,68.20380332,26.34291625,,10411.2697759543,4118236.66219014
227,006100,2,530330061002,Block Group 2,+47.6442656,-122.3156489,6100,6100.2,6100.2,149.68652303,117.36492465,32.32978542,,15037.6529187054,6520344.94323593
228,006100,3,530330061003,Block Group 3,+47.6472852,-122.3252065,6100,6100.3,6100.3,119.39160433,63.81718859,55.58017782,,10181.4705905772,5200698.28450534
229,006100,4,530330061004,Block Group 4,+47.6414891,-122.3287539,6100,6100.4,6100.4,102.32131211,57.37836368,44.9482217,,10737.0531636615,4457116.35556201
230,006200,1,530330062001,Block Group 1,+47.6404204,-122.2954056,6200,6200.1,6200.1,436.53734138,383.99879681,52.55832612,,25729.3388142312,19015566.5903718
231,006200,2,530330062002,Block Group 2,+47.6420415,-122.3060216,6200,6200.2,6200.2,158.86084576,140.84710191,18.02287807,,11749.5661672044,6919978.4411505
232,006200,3,530330062003,Block Group 3,+47.6358768,-122.3090446,6200,6200.3,6200.3,149.96166264,149.96924415,0,,13453.0393971595,6532330.02439034
233,006300,1,530330063001,Block Group 1,+47.6405420,-122.2766660,6300,6300.1,6300.1,499.97826508,55.73412447,444.27002318,,24040.9943109133,21779053.2268704
234,006300,2,530330063002,Block Group 2,+47.6308773,-122.2770060,6300,6300.2,6300.2,529.34029203,137.20822806,392.15772228,,23646.1351143032,23058063.1208973
235,006300,3,530330063003,Block Group 3,+47.6390652,-122.2823976,6300,6300.3,6300.3,125.72922625,99.51353772,26.22208172,,14279.7633197464,5476765.09536123
236,006300,4,530330063004,Block Group 4,+47.6340212,-122.2894637,6300,6300.4,6300.4,277.37461159,277.38789834,0,,17287.9578596118,12082438.0809369
237,006400,1,530330064001,Block Group 1,+47.6280777,-122.2995576,6400,6400.1,6400.1,74.30387372,74.30730623,0,,8167.59021992245,3236676.73919512
238,006400,2,530330064002,Block Group 2,+47.6287858,-122.3105864,6400,6400.2,6400.2,57.45727334,57.45990845,0,,7121.61102980622,2502838.82655399
239,006400,3,530330064003,Block Group 3,+47.6287604,-122.3054864,6400,6400.3,6400.3,91.52516846,91.52931575,0,,8278.47968182179,3986836.3379525
240,006500,1,530330065001,Block Group 1,+47.6338762,-122.3168748,6500,6500.1,6500.1,168.82840792,168.83722262,0,,11974.5553977414,7354165.44899388
241,006500,2,530330065002,Block Group 2,+47.6273114,-122.3226269,6500,6500.2,6500.2,47.08745247,47.08988404,0,,7315.74895340291,2051129.42967132
242,006500,3,530330065003,Block Group 3,+47.6262358,-122.3165726,6500,6500.3,6500.3,67.6525722,67.65621779,0,,7454.01532677441,2946946.04516464
243,006600,1,530330066001,Block Group 1,+47.6296259,-122.3310053,6600,6600.1,6600.1,419.18657273,214.99947306,204.20739265,,25085.5609521588,18259767.1081796
244,006600,2,530330066002,Block Group 2,+47.6374360,-122.3259311,6600,6600.2,6600.2,60.27217351,60.27493296,0,,8756.1244532382,2625455.8781191
245,006700,1,530330067001,Block Group 1,+47.6324360,-122.3407805,6700,6700.1,6700.1,120.00760765,94.71153885,25.30210838,,11330.9762379644,5227531.38910179
246,006700,2,530330067002,Block Group 2,+47.6272980,-122.3455544,6700,6700.2,6700.2,73.11301109,73.11625829,0,,9256.32855560778,3184802.7632365
247,006700,3,530330067003,Block Group 3,+47.6314598,-122.3478682,6700,6700.3,6700.3,47.98148196,47.9836642,0,,7594.98908192187,2090073.35406774
248,006700,4,530330067004,Block Group 4,+47.6359910,-122.3471097,6700,6700.4,6700.4,100.03859859,100.04357876,0,,11775.3378171112,4357681.35474769
249,006800,1,530330068001,Block Group 1,+47.6361290,-122.3531807,6800,6800.1,6800.1,76.73119068,76.73511659,0,,7972.10877346873,3342410.66596134
250,006800,2,530330068002,Block Group 2,+47.6359557,-122.3589679,6800,6800.2,6800.2,100.70758007,100.71274013,0,,8612.95563041093,4386822.18789242
251,006900,1,530330069001,Block Group 1,+47.6371731,-122.3649756,6900,6900.1,6900.1,53.49986244,53.50251578,0,,6163.97970083615,2330454.00804113
252,006900,2,530330069002,Block Group 2,+47.6330831,-122.3667342,6900,6900.2,6900.2,63.02634286,63.02966374,0,,8421.41908449374,2745427.4950637
253,006900,3,530330069003,Block Group 3,+47.6296827,-122.3656981,6900,6900.3,6900.3,51.96785878,51.97070952,0,,7541.18992897945,2263719.928559
254,006900,4,530330069004,Block Group 4,+47.6375406,-122.3704125,6900,6900.4,6900.4,54.60359342,54.6058413,0,,7650.75415800493,2378532.52944797
255,007000,1,530330070001,Block Group 1,+47.6300416,-122.3536953,7000,7000.1,7000.1,51.54715147,51.55038327,0,,6414.04195551715,2245393.91817155
256,007000,2,530330070002,Block Group 2,+47.6257166,-122.3625030,7000,7000.2,7000.2,16.5546397,16.55556632,0,,3513.33366035276,721120.105279424
257,007000,3,530330070003,Block Group 3,+47.6264096,-122.3533961,7000,7000.3,7000.3,45.96852596,45.97074377,0,,6395.41561590382,2002388.99078179
258,007000,4,530330070004,Block Group 4,+47.6309486,-122.3592067,7000,7000.4,7000.4,29.38575135,29.38725454,0,,4529.59117743053,1280043.32878271
259,007000,5,530330070005,Block Group 5,+47.6257448,-122.3585723,7000,7000.5,7000.5,18.54947649,18.55044806,0,,3835.84207183208,808015.195810797
260,007000,6,530330070006,Block Group 6,+47.6281942,-122.3600240,7000,7000.6,7000.6,37.14153755,37.14315113,0,,5296.21281305958,1617885.37563467
261,007100,1,530330071001,Block Group 1,+47.6237191,-122.3641405,7100,7100.1,7100.1,76.71325166,76.7168308,0,,11682.8087641054,3341629.24218573
262,007100,2,530330071002,Block Group 2,+47.6217267,-122.3536092,7100,7100.2,7100.2,136.30473188,136.31148264,0,,9474.64640377581,5937434.12059286
263,007200,1,530330072001,Block Group 1,+47.6199448,-122.3426187,7200,7200.1,7200.1,203.72213451,203.72998505,0,,18579.4292299994,8874136.17913917
264,007200,2,530330072002,Block Group 2,+47.6171143,-122.3440082,7200,7200.2,7200.2,30.45842444,30.45969189,0,,5842.13257420678,1326768.96877988
265,007200,3,530330072003,Block Group 3,+47.6175932,-122.3479382,7200,7200.3,7200.3,15.45193028,15.4524879,0,,3715.38492649461,673086.083213909
266,007300,1,530330073001,Block Group 1,+47.6223366,-122.3310832,7300,7300.1,7300.1,72.7973735,72.80144603,0,,8096.8473376564,3171053.5896661
267,007300,2,530330073002,Block Group 2,+47.6174108,-122.3320700,7300,7300.2,7300.2,62.19504738,62.19790703,0,,6932.11958932068,2709216.26402459
268,007300,3,530330073003,Block Group 3,+47.6198747,-122.3363629,7300,7300.3,7300.3,93.82790967,93.83184369,0,,12151.0852267413,4087143.74530345
269,007401,1,530330074011,Block Group 1,+47.6241284,-122.3248227,7401,7401.1,7401.1,14.53723852,14.53770377,0,,3200.30363990998,633242.109870737
270,007401,2,530330074012,Block Group 2,+47.6230723,-122.3219926,7401,7401.2,7401.2,17.87383219,17.87486195,0,,4007.55094172083,778584.130097161
271,007401,3,530330074013,Block Group 3,+47.6226017,-122.3274301,7401,7401.3,7401.3,15.18581631,15.18660251,0,,5600.13882189006,661494.158526818
272,007401,4,530330074014,Block Group 4,+47.6219999,-122.3248507,7401,7401.4,7401.4,16.49585802,16.49650813,0,,3357.2533974181,718559.575404906
273,007800,2,530330078002,Block Group 2,+47.6092242,-122.2878531,7800,7800.2,7800.2,120.92781249,120.93263215,0,,14807.1547923006,5267615.51225321
274,007800,3,530330078003,Block Group 3,+47.6138177,-122.2888922,7800,7800.3,7800.3,77.16499345,77.16878654,0,,10791.8626729407,3361307.11484389
275,007800,4,530330078004,Block Group 4,+47.6198638,-122.2882574,7800,7800.4,7800.4,124.84293257,124.84851112,0,,11188.3234960384,5438158.14287011
276,007900,1,530330079001,Block Group 1,+47.6138599,-122.3041034,7900,7900.1,7900.1,47.71544519,47.71777881,0,,8607.01237997543,2078484.7922702
277,007900,2,530330079002,Block Group 2,+47.6139173,-122.3070204,7900,7900.2,7900.2,45.66902548,45.67125204,0,,6674.92762124688,1989342.74985776
278,007900,3,530330079003,Block Group 3,+47.6122335,-122.3108305,7900,7900.3,7900.3,30.3653713,30.36702738,0,,4666.01397555135,1322715.57363426
279,007900,4,530330079004,Block Group 4,+47.6152743,-122.3108091,7900,7900.4,7900.4,18.9146917,18.91566981,0,,3637.64046891604,823923.970462002
280,007900,5,530330079005,Block Group 5,+47.6175658,-122.3091699,7900,7900.5,7900.5,29.92445022,29.92594427,0,,5367.65915272205,1303509.05176819
281,008001,1,530330080011,Block Group 1,+47.6168177,-122.3503946,8001,8001.1,8001.1,24.06576866,24.06682858,0,,4503.97492689933,1048304.8828749
282,008001,2,530330080012,Block Group 2,+47.6143141,-122.3461221,8001,8001.2,8001.2,17.12753571,17.12810948,0,,3603.74767765143,746075.455469481
283,008001,3,530330080013,Block Group 3,+47.6150718,-122.3555298,8001,8001.3,8001.3,197.51586593,62.60563091,134.91978513,,17606.2149520379,8603791.11994364
284,008001,4,530330080014,Block Group 4,+47.6148583,-122.3510092,8001,8001.4,8001.4,13.58281346,13.58338279,0,,3125.15526765968,591667.354522612
285,008001,5,530330080015,Block Group 5,+47.6159696,-122.3528887,8001,8001.5,8001.5,4.62722265,4.62754247,0,,1914.10218026642,201561.818487336
286,008002,1,530330080021,Block Group 1,+47.6117658,-122.3425670,8002,8002.1,8002.1,25.29473801,25.29568364,0,,4525.73318359066,1101838.78772203
287,008002,2,530330080022,Block Group 2,+47.6123467,-122.3474345,8002,8002.2,8002.2,31.30494157,31.30627493,0,,4989.69533485662,1363643.25498191
288,008100,1,530330081001,Block Group 1,+47.6059872,-122.3413383,8100,8100.1,8100.1,171.64572556,80.5010026,91.15149163,,14841.7396473408,7476887.80560918
289,008100,2,530330081002,Block Group 2,+47.6068331,-122.3343003,8100,8100.2,8100.2,96.932588,96.9364757,0,,10759.9788310282,4222383.53347576
290,008100,3,530330081003,Block Group 3,+47.6088866,-122.3410144,8100,8100.3,8100.3,27.11400447,27.11512056,0,,6366.14422952743,1181086.0345949
291,008200,1,530330082001,Block Group 1,+47.6107926,-122.3331203,8200,8200.1,8200.1,61.61687921,61.61869202,0,,8439.1058084648,2684031.25858148
292,008200,2,530330082002,Block Group 2,+47.6082713,-122.3289533,8200,8200.2,8200.2,15.07513851,15.07565219,0,,3317.0505020075,656673.033687695
293,008200,3,530330082003,Block Group 3,+47.6107904,-122.3299570,8200,8200.3,8200.3,13.91965185,13.92043453,0,,3869.18916537105,606340.034718211
294,008300,1,530330083001,Block Group 1,+47.6098172,-122.3263480,8300,8300.1,8300.1,27.14358497,27.1445261,0,,4363.18238517744,1182374.56145433
295,008300,2,530330083002,Block Group 2,+47.6135400,-122.3294300,8300,8300.2,8300.2,31.52913996,31.52965819,0,,6047.46579535975,1373409.33666456
296,008400,1,530330084001,Block Group 1,+47.6148781,-122.3230046,8400,8400.1,8400.1,36.38779449,36.38947972,0,,5690.8426194928,1585052.32797941
297,008400,2,530330084002,Block Group 2,+47.6111881,-122.3230460,8400,8400.2,8400.2,36.80565577,36.80708782,0,,5410.71409170025,1603254.36534159
298,008400,3,530330084003,Block Group 3,+47.6149930,-122.3270842,8400,8400.3,8400.3,21.34903315,21.34965781,0,,4441.47243730915,929963.884215866
299,008500,1,530330085001,Block Group 1,+47.6062404,-122.3271696,8500,8500.1,8500.1,40.71997462,40.72049573,0,,6943.83828089768,1773762.09460959
300,008500,2,530330085002,Block Group 2,+47.6055989,-122.3222483,8500,8500.2,8500.2,40.9247079,40.92658162,0,,6954.00965491739,1782680.27630756
301,008500,3,530330085003,Block Group 3,+47.6032597,-122.3255061,8500,8500.3,8500.3,35.53144842,35.53301247,0,,5022.47253122606,1547749.89324805
302,008600,1,530330086001,Block Group 1,+47.6089885,-122.3147583,8600,8600.1,8600.1,63.92500856,63.9278918,0,,8718.96828673773,2784573.37296761
303,008600,2,530330086002,Block Group 2,+47.6080479,-122.3186989,8600,8600.2,8600.2,64.99645506,64.99884652,0,,8371.80633392508,2831245.58255954
304,008600,3,530330086003,Block Group 3,+47.6032139,-122.3165361,8600,8600.3,8600.3,46.85192235,46.8541455,0,,7284.44774530156,2040869.73777366
305,008700,1,530330087001,Block Group 1,+47.6082095,-122.3079030,8700,8700.1,8700.1,84.83148259,84.83523098,0,,8022.17461933192,3695259.38179641
306,008700,2,530330087002,Block Group 2,+47.6040426,-122.3047415,8700,8700.2,8700.2,40.53156086,40.53269565,0,,5808.64011520414,1765554.79086438
307,008700,3,530330087003,Block Group 3,+47.6038073,-122.3098427,8700,8700.3,8700.3,55.60682947,55.60908915,0,,6503.97082399411,2422233.49164299
308,008800,1,530330088001,Block Group 1,+47.6109878,-122.2977140,8800,8800.1,8800.1,81.61024329,81.61396524,0,,7876.06316259696,3554942.19770182
309,008800,2,530330088002,Block Group 2,+47.6066618,-122.2976100,8800,8800.2,8800.2,99.80574723,99.80932286,0,,8606.29035072025,4347538.3494649
310,008800,3,530330088003,Block Group 3,+47.6029535,-122.2975487,8800,8800.3,8800.3,52.97390426,52.97593421,0,,6774.59510486852,2307543.26940562
311,008900,1,530330089001,Block Group 1,+47.6010391,-122.2850405,8900,8900.1,8900.1,515.22611377,110.93820791,404.30665834,,21813.3000089143,22443249.5157584
312,008900,2,530330089002,Block Group 2,+47.5950361,-122.2945953,8900,8900.2,8900.2,75.30277576,75.30610618,0,,7429.22506551132,3280188.91212566
313,008900,3,530330089003,Block Group 3,+47.5998402,-122.2973998,8900,8900.3,8900.3,72.65528376,72.65886623,0,,7622.2162690008,3164864.16071615
314,008900,4,530330089004,Block Group 4,+47.5950432,-122.2999729,8900,8900.4,8900.4,57.47030027,57.47226372,0,,6945.64725087101,2503406.27973238
315,009000,1,530330090001,Block Group 1,+47.5973988,-122.3042718,9000,9000.1,9000.1,72.32094407,72.32379133,0,,8255.92898716214,3150300.32387538
316,009000,2,530330090002,Block Group 2,+47.5987438,-122.3117724,9000,9000.2,9000.2,130.47847191,130.48300802,0,,9576.18472436748,5683642.23628343
317,009100,1,530330091001,Block Group 1,+47.5987488,-122.3203405,9100,9100.1,9100.1,76.29221444,76.29601033,0,,8625.26374348718,3323288.86093201
318,009100,2,530330091002,Block Group 2,+47.5975099,-122.3257202,9100,9100.2,9100.2,27.19953291,27.20061902,0,,4400.29286396233,1184811.65339686
319,009200,1,530330092001,Block Group 1,+47.6003460,-122.3259533,9200,9200.1,9200.1,30.93516881,30.93635817,0,,5065.07651436008,1347535.95352519
320,009200,2,530330092002,Block Group 2,+47.6004854,-122.3373538,9200,9200.2,9200.2,88.91523421,50.65067258,38.26772772,,9890.75812242585,3873147.60230838
321,009300,1,530330093001,Block Group 1,+47.5906617,-122.3214307,9300,9300.1,9300.1,186.57911657,186.58531951,0,,14999.3970736429,8127386.31787976
322,009300,2,530330093002,Block Group 2,+47.5892703,-122.3359030,9300,9300.2,9300.2,657.5982261,551.32274608,106.29781596,,25617.0547447024,28644978.7289829
323,009300,3,530330093003,Block Group 3,+47.5693884,-122.3303561,9300,9300.3,9300.3,1663.62858301,1592.0638924,71.61410468,,41829.8502300316,72467661.0757205
324,009400,1,530330094001,Block Group 1,+47.5879770,-122.3154715,9400,9400.1,9400.1,29.0348869,29.03587069,0,,5090.56563182566,1264759.67329502
325,009400,2,530330094002,Block Group 2,+47.5914129,-122.3077509,9400,9400.2,9400.2,157.00421199,157.01100619,0,,13445.4672148117,6839103.47411683
326,009400,3,530330094003,Block Group 3,+47.5833906,-122.3072970,9400,9400.3,9400.3,115.78264278,115.7871568,0,,9890.32928818744,5043491.91931852
327,009400,4,530330094004,Block Group 4,+47.5841910,-122.3145875,9400,9400.4,9400.4,34.11822189,34.11932259,0,,7251.3751037169,1486189.7455996
328,009400,5,530330094005,Block Group 5,+47.5903418,-122.3132744,9400,9400.5,9400.5,89.82559702,89.82824231,0,,10403.6907079571,3912803.00619065
329,009500,1,530330095001,Block Group 1,+47.5865710,-122.2870743,9500,9500.1,9500.1,211.19417267,169.87728917,41.32392708,,22733.1384030647,9199618.16152252
330,009500,2,530330095002,Block Group 2,+47.5867869,-122.2980521,9500,9500.2,9500.2,191.43872375,191.44588235,0,,12996.7071944599,8339070.80646487
331,009500,3,530330095003,Block Group 3,+47.5783426,-122.2831943,9500,9500.3,9500.3,844.07294321,166.54729706,677.55405891,,27542.4259163633,36767817.4064039
332,009500,4,530330095004,Block Group 4,+47.5773385,-122.2945168,9500,9500.4,9500.4,113.62141997,113.62473761,0,,10643.0331576831,4949349.05395953
333,009600,1,530330096001,Block Group 1,+47.5849660,-122.3809135,9600,9600.1,9600.1,99.80911565,99.81278234,0,,10605.9546114627,4347685.07769594
334,009600,2,530330096002,Block Group 2,+47.5832920,-122.3863678,9600,9600.2,9600.2,49.2310824,49.23302901,0,,7400.07846927461,2144505.94944833
335,009600,3,530330096003,Block Group 3,+47.5837367,-122.3938578,9600,9600.3,9600.3,88.2625804,88.26530078,0,,11553.5348517575,3844718.00226728
336,009600,4,530330096004,Block Group 4,+47.5878761,-122.3888480,9600,9600.4,9600.4,71.66851465,71.67093892,0,,7534.30443263139,3121880.49820833
337,009600,5,530330096005,Block Group 5,+47.5923106,-122.3884249,9600,9600.5,9600.5,504.19182439,169.57952719,334.63084827,,27113.5873944496,21962595.8702874
338,009701,1,530330097011,Block Group 1,+47.5766386,-122.4058724,9701,9701.1,9701.1,119.08120199,119.08477811,0,,11787.8508814605,5187177.15846767
339,009701,2,530330097012,Block Group 2,+47.5756654,-122.4114645,9701,9701.2,9701.2,51.21185947,51.21357863,0,,7317.3122500547,2230788.59856837
340,009701,3,530330097013,Block Group 3,+47.5750478,-122.4140305,9701,9701.3,9701.3,496.2004298,98.2542887,397.96173347,,28123.1634160033,21614490.7222897
341,009701,4,530330097014,Block Group 4,+47.5662883,-122.4042989,9701,9701.4,9701.4,190.56050425,190.56519877,0,,17029.4415914921,8300815.56513247
342,009702,1,530330097021,Block Group 1,+47.5768493,-122.3922737,9702,9702.1,9702.1,107.79625738,107.79898115,0,,10563.521550102,4695604.97163783
343,009702,2,530330097022,Block Group 2,+47.5681132,-122.3925907,9702,9702.2,9702.2,90.69487699,90.69731194,0,,9289.79293497153,3950668.84163545
344,009702,3,530330097023,Block Group 3,+47.5621065,-122.3951133,9702,9702.3,9702.3,81.07495471,81.07799367,0,,9939.95461238581,3531625.02700833
345,009702,4,530330097024,Block Group 4,+47.5688009,-122.3987712,9702,9702.4,9702.4,93.583389,93.58572674,0,,10505.0277109336,4076492.42501394
346,009702,5,530330097025,Block Group 5,+47.5770875,-122.3990206,9702,9702.5,9702.5,175.17757432,175.18313591,0,,15838.3180546406,7630735.13741391
347,009800,1,530330098001,Block Group 1,+47.5786725,-122.3837389,9800,9800.1,9800.1,123.09599133,123.10048765,0,,10106.5258185026,5362061.38241366
348,009800,2,530330098002,Block Group 2,+47.5741388,-122.3801256,9800,9800.2,9800.2,77.42237575,77.4242935,0,,7733.0706587473,3372518.6878232
349,009800,3,530330098003,Block Group 3,+47.5677573,-122.3796756,9800,9800.3,9800.3,102.7549731,102.75827848,0,,10552.4883972166,4476006.62813154
350,009800,4,530330098004,Block Group 4,+47.5659583,-122.3853643,9800,9800.4,9800.4,100.31803674,100.320831,0,,8627.99430248941,4369853.68023799
351,009800,5,530330098005,Block Group 5,+47.5724551,-122.3868232,9800,9800.5,9800.5,73.46517558,73.46739504,0,,8260.23334451972,3200143.04812364
352,009900,1,530330099001,Block Group 1,+47.5710191,-122.3744458,9900,9900.1,9900.1,104.82209602,104.8255621,0,,13397.175125887,4566050.502615
353,009900,2,530330099002,Block Group 2,+47.5643915,-122.3588584,9900,9900.2,9900.2,263.05490844,263.06270519,0,,15528.6914681452,11458671.8114581
354,009900,3,530330099003,Block Group 3,+47.5597286,-122.3710601,9900,9900.3,9900.3,252.73504781,252.74185474,0,,15495.4661927534,11009138.6825038
355,009900,4,530330099004,Block Group 4,+47.5819888,-122.3565802,9900,9900.4,9900.4,1566.91374342,1001.93126939,565.03264683,,43892.5212362346,68254762.6634824
356,010001,1,530330100011,Block Group 1,+47.5712890,-122.3020865,10001,10001.1,10001.1,243.85559183,243.86261709,0,,18883.6535180296,10622349.5801531
357,010001,2,530330100012,Block Group 2,+47.5675485,-122.3100174,10001,10001.2,10001.2,221.4001226,206.49089347,14.91503369,,13807.1163982467,9644189.34040989
358,010001,3,530330100013,Block Group 3,+47.5647176,-122.2987257,10001,10001.3,10001.3,106.57795947,106.58124583,0,,14011.0926083648,4642535.91445456
359,010002,1,530330100021,Block Group 1,+47.5760313,-122.3139010,10002,10002.1,10002.1,52.70030145,52.70214145,0,,7773.53257569091,2295625.13114873
360,010002,2,530330100022,Block Group 2,+47.5784382,-122.3111039,10002,10002.2,10002.2,61.77027244,61.77239156,0,,9474.63771979072,2690713.0673101
361,010002,3,530330100023,Block Group 3,+47.5782299,-122.3058147,10002,10002.3,10002.3,59.97559668,59.97815939,0,,7410.64223939356,2612536.99120595
362,010002,4,530330100024,Block Group 4,+47.5734885,-122.3079476,10002,10002.4,10002.4,59.86482024,59.86696197,0,,6922.75378779766,2607711.56959817
363,010100,1,530330101001,Block Group 1,+47.5670775,-122.2701234,10100,10100.1,10100.1,553.68883828,174.41537949,379.28847404,,21831.6447108824,24118685.795417
364,010100,2,530330101002,Block Group 2,+47.5622552,-122.2786693,10100,10100.2,10100.2,123.14734708,123.15040294,0,,12716.9586652441,5364298.43897218
365,010100,3,530330101003,Block Group 3,+47.5645946,-122.2932810,10100,10100.3,10100.3,73.20085859,73.20225096,0,,10943.8221524072,3188629.40006461
366,010100,4,530330101004,Block Group 4,+47.5681454,-122.2919908,10100,10100.4,10100.4,97.29253767,97.29576693,0,,10101.9430130667,4238062.94106716
367,010100,5,530330101005,Block Group 5,+47.5688386,-122.2854078,10100,10100.5,10100.5,152.06564053,152.07038121,0,,12804.6970155284,6623979.30165272
368,010200,1,530330102001,Block Group 1,+47.5559770,-122.2657498,10200,10200.1,10200.1,159.38608746,159.38964259,0,,12872.2052351679,6942857.96967128
369,010200,2,530330102002,Block Group 2,+47.5544103,-122.2543123,10200,10200.2,10200.2,698.79354785,353.06466258,345.7456483,,28482.8054667215,30439446.9445557
370,010200,3,530330102003,Block Group 3,+47.5493800,-122.2725299,10200,10200.3,10200.3,76.11413749,76.1156234,0,,9481.9360680249,3315531.82917204
371,010200,4,530330102004,Block Group 4,+47.5556598,-122.2725172,10200,10200.4,10200.4,98.64913508,98.65113994,0,,11392.6867128469,4297156.32392745
372,010300,1,530330103001,Block Group 1,+47.5569090,-122.2781305,10300,10300.1,10300.1,76.83359779,76.83568848,0,,7873.60340786192,3346871.51977944
373,010300,2,530330103002,Block Group 2,+47.5499028,-122.2782953,10300,10300.2,10300.2,75.20444177,75.2060285,0,,8974.9345421884,3275905.48358142
374,010300,3,530330103003,Block Group 3,+47.5494747,-122.2837907,10300,10300.3,10300.3,81.54609037,81.54848231,0,,8366.35900514204,3552147.69640854
375,010300,4,530330103004,Block Group 4,+47.5569452,-122.2886124,10300,10300.4,10300.4,85.42904382,85.43124916,0,,9505.607973768,3721289.14885716
376,010300,5,530330103005,Block Group 5,+47.5568269,-122.2833939,10300,10300.5,10300.5,91.23176636,91.23402482,0,,9528.97003446454,3974055.74264524
377,010401,1,530330104011,Block Group 1,+47.5572451,-122.2948095,10401,10401.1,10401.1,113.2836581,113.28595613,0,,10950.7796767962,4934636.14687683
378,010401,2,530330104012,Block Group 2,+47.5542676,-122.2975185,10401,10401.2,10401.2,156.45900316,156.46317356,0,,15472.3796079994,6815354.17769194
379,010401,3,530330104013,Block Group 3,+47.5483941,-122.2940932,10401,10401.3,10401.3,129.78391258,129.78666505,0,,10794.8513521963,5653387.23190506
380,010402,1,530330104021,Block Group 1,+47.5508520,-122.3116877,10402,10402.1,10402.1,168.52463704,168.52932932,0,,15424.9978705701,7340933.18949931
381,010402,2,530330104022,Block Group 2,+47.5578286,-122.3087045,10402,10402.2,10402.2,114.28710764,114.28994529,0,,10194.2178827891,4978346.40877338
382,010402,3,530330104023,Block Group 3,+47.5504735,-122.3037593,10402,10402.3,10402.3,74.6193568,74.62063585,0,,13009.7553044246,3250419.18240298
383,010402,4,530330104024,Block Group 4,+47.5570049,-122.3149338,10402,10402.4,10402.4,87.07478669,87.07647679,0,,9974.42654492683,3792977.70812354
384,010500,1,530330105001,Block Group 1,+47.5601821,-122.3788541,10500,10500.1,10500.1,69.09085454,69.09362979,0,,8602.77803281878,3009597.62362923
385,010500,2,530330105002,Block Group 2,+47.5542634,-122.3810871,10500,10500.2,10500.2,94.9501946,94.9524666,0,,9278.33717952774,4136030.47686236
386,010500,3,530330105003,Block Group 3,+47.5548954,-122.3917632,10500,10500.3,10500.3,93.41589237,93.41843639,0,,9132.54301110543,4069196.27167124
387,010500,4,530330105004,Block Group 4,+47.5592554,-122.3841464,10500,10500.4,10500.4,80.1141917,80.11675373,0,,7977.55667034178,3489774.1903956
388,010500,5,530330105005,Block Group 5,+47.5597941,-122.3903608,10500,10500.5,10500.5,86.92606737,86.92821356,0,,8580.18187877462,3786499.49458364
389,010600,1,530330106001,Block Group 1,+47.5457634,-122.3791096,10600,10600.1,10600.1,139.25664914,139.25969694,0,,11916.8242813099,6066019.63671753
390,010600,2,530330106002,Block Group 2,+47.5493630,-122.3844358,10600,10600.2,10600.2,60.25178996,60.25318768,0,,6610.94768538891,2624567.97074562
391,010600,3,530330106003,Block Group 3,+47.5430741,-122.3855807,10600,10600.3,10600.3,94.59558841,94.59712906,0,,9413.60771772542,4120583.83122473
392,010600,4,530330106004,Block Group 4,+47.5433159,-122.3918603,10600,10600.4,10600.4,86.61760042,86.61933183,0,,9457.93902842715,3773062.67444899
393,010600,5,530330106005,Block Group 5,+47.5551791,-122.4004398,10600,10600.5,10600.5,402.22946809,200.31844816,201.91993814,,21140.6632724669,17521115.6300557
394,010600,6,530330106006,Block Group 6,+47.5494327,-122.3897910,10600,10600.6,10600.6,60.01567064,60.01670783,0,,6606.33111664989,2614282.61318341
395,010701,1,530330107011,Block Group 1,+47.5460458,-122.3654191,10701,10701.1,10701.1,234.25188455,234.25713671,0,,18199.0077482229,10204012.0909573
396,010701,2,530330107012,Block Group 2,+47.5364362,-122.3678239,10701,10701.2,10701.2,125.63844603,124.73558396,0.90539412,,11248.9486316929,5472810.70889968
397,010702,1,530330107021,Block Group 1,+47.5508946,-122.3729596,10702,10702.1,10702.1,74.80864525,74.81041278,0,,8715.0581525182,3258664.58690173
398,010702,2,530330107022,Block Group 2,+47.5462214,-122.3715878,10702,10702.2,10702.2,51.38323291,51.38457556,0,,7259.35762869073,2238253.62557267
399,010702,3,530330107023,Block Group 3,+47.5427271,-122.3742028,10702,10702.3,10702.3,67.71099794,67.71255782,0,,8022.58249509813,2949491.07027888
400,010800,1,530330108001,Block Group 1,+47.5519270,-122.3494180,10800,10800.1,10800.1,752.60742174,670.92520996,81.69822817,,30536.7190432838,32783579.2908089
401,010800,2,530330108002,Block Group 2,+47.5430222,-122.3583544,10800,10800.2,10800.2,170.25930112,170.26302067,0,,16660.3298917419,7416495.15686649
402,010800,3,530330108003,Block Group 3,+47.5538093,-122.3599712,10800,10800.3,10800.3,170.38173031,170.38533783,0,,17877.963522118,7421828.17216402
403,010900,1,530330109001,Block Group 1,+47.5348617,-122.3057936,10900,10900.1,10900.1,698.29551548,671.93661228,26.37182758,,31150.0127210454,30417752.6541702
404,010900,2,530330109002,Block Group 2,+47.5493212,-122.3279703,10900,10900.2,10900.2,552.69216676,511.63688057,41.06842011,,22675.2115417667,24075270.7839436
405,011001,1,530330110011,Block Group 1,+47.5410660,-122.2889872,11001,11001.1,11001.1,68.58514981,68.58681666,0,,10182.3628264964,2987569.12567689
406,011001,2,530330110012,Block Group 2,+47.5421120,-122.2859196,11001,11001.2,11001.2,77.31171003,77.31359029,0,,10074.4017145048,3367698.08886362
407,011001,3,530330110013,Block Group 3,+47.5343510,-122.2847822,11001,11001.3,11001.3,118.69126235,118.69311608,0,,10100.7728074929,5170191.38809549
408,011002,1,530330110021,Block Group 1,+47.5387954,-122.2999150,11002,11002.1,11002.1,246.98533311,246.98998279,0,,22392.2053312131,10758681.1103734
409,011002,2,530330110022,Block Group 2,+47.5421524,-122.2951120,11002,11002.2,11002.2,96.06501166,96.06617055,0,,9214.4996462404,4184591.90795924
410,011002,3,530330110023,Block Group 3,+47.5436870,-122.3005478,11002,11002.3,11002.3,71.1172132,71.11841128,0,,10733.3554026677,3097865.80714387
411,011101,1,530330111011,Block Group 1,+47.5407917,-122.2732040,11101,11101.1,11101.1,40.50636628,40.50724379,0,,7719.11035902024,1764457.31493922
412,011101,2,530330111012,Block Group 2,+47.5385197,-122.2776039,11101,11101.2,11101.2,97.22031872,97.22212952,0,,9903.057918538,4234917.08350807
413,011101,3,530330111013,Block Group 3,+47.5339087,-122.2756194,11101,11101.3,11101.3,58.76264562,58.76338934,0,,7355.15252339186,2559700.84338551
414,011101,4,530330111014,Block Group 4,+47.5436814,-122.2802139,11101,11101.4,11101.4,87.76659962,87.76837186,0,,8359.15713618628,3823113.07941249
415,011102,1,530330111021,Block Group 1,+47.5379284,-122.2633605,11102,11102.1,11102.1,563.26007135,158.75878255,404.51101449,,24537.1012121633,24535608.7078428
416,011102,2,530330111022,Block Group 2,+47.5436670,-122.2704383,11102,11102.2,11102.2,70.52941801,70.53054758,0,,7482.12563092852,3072261.44856193
417,011102,3,530330111023,Block Group 3,+47.5342317,-122.2713344,11102,11102.3,11102.3,29.2252526,29.22589473,0,,5191.31627365878,1273052.00314381
418,011102,4,530330111024,Block Group 4,+47.5364288,-122.2686791,11102,11102.4,11102.4,62.0958241,62.09684093,0,,8976.87253576865,2704894.09765213
419,011200,1,530330112001,Block Group 1,+47.5255014,-122.3285675,11200,11200.1,11200.1,291.9013339,291.90558658,0,,20262.1855853312,12715222.1047786
420,011200,2,530330112002,Block Group 2,+47.5344657,-122.3269219,11200,11200.2,11200.2,307.22560243,255.87457047,51.35599492,,23599.3225728119,13382747.2418211
421,011200,3,530330112003,Block Group 3,+47.5245893,-122.3166675,11200,11200.3,11200.3,131.82976974,131.83146208,0,,10897.5507270239,5742504.7697774
422,011300,1,530330113001,Block Group 1,+47.5290765,-122.3402420,11300,11300.1,11300.1,459.42778391,449.00233834,10.43278919,,23577.0534316884,20012674.2672282
423,011300,2,530330113002,Block Group 2,+47.5189648,-122.3487146,11300,11300.2,11300.2,93.26600749,93.267455,0,,10013.9395252909,4062667.28619873
424,011300,3,530330113003,Block Group 3,+47.5227709,-122.3505825,11300,11300.3,11300.3,68.40674829,68.40741815,0,,7479.58510450104,2979797.95545011
425,011300,4,530330113004,Block Group 4,+47.5276599,-122.3512052,11300,11300.4,11300.4,97.67810694,97.67952158,0,,11528.9528058482,4254858.33833171
426,011300,5,530330113005,Block Group 5,+47.5311992,-122.3498358,11300,11300.5,11300.5,71.89102159,71.89209823,0,,7214.73186767659,3131572.90024345
427,011401,1,530330114011,Block Group 1,+47.5309870,-122.3644917,11401,11401.1,11401.1,90.61064699,90.61230769,0,,7946.86991838983,3946999.78306781
428,011401,2,530330114012,Block Group 2,+47.5264803,-122.3651930,11401,11401.2,11401.2,90.40629032,90.40770443,0,,8625.03017024163,3938098.00640581
429,011401,3,530330114013,Block Group 3,+47.5311252,-122.3579099,11401,11401.3,11401.3,123.69724029,123.69872978,0,,12135.4523143435,5388251.78687746
430,011402,1,530330114021,Block Group 1,+47.5229876,-122.3640494,11402,11402.1,11402.1,107.05609023,107.05717079,0,,10700.8107650777,4663363.29046538
431,011402,2,530330114022,Block Group 2,+47.5194714,-122.3586051,11402,11402.2,11402.2,79.30287595,79.30402414,0,,9013.18175511655,3454433.27655727
432,011402,3,530330114023,Block Group 3,+47.5192232,-122.3696754,11402,11402.3,11402.3,106.75010334,106.75150144,0,,9711.27330737389,4650034.50129493
433,011800,4,530330118004,Block Group 4,+47.5220494,-122.2718902,11800,11800.4,11800.4,96.54650434,96.54728473,0,,10949.20119418,4205565.72891124
434,011800,5,530330118005,Block Group 5,+47.5286434,-122.2743868,11800,11800.5,11800.5,73.82305562,73.82421521,0,,7782.27659763531,3215732.30278816
435,011800,6,530330118006,Block Group 6,+47.5256435,-122.2678319,11800,11800.6,11800.6,133.63949384,133.6417561,0,,13125.2224328124,5821336.35173488
436,011900,1,530330119001,Block Group 1,+47.5102089,-122.2392650,11900,11900.1,11900.1,472.17130348,145.99233015,326.18305661,,27337.7902816428,20567781.9797714
437,011900,2,530330119002,Block Group 2,+47.5085033,-122.2521450,11900,11900.2,11900.2,167.75286681,167.75415974,0,,21545.3415236682,7307314.87814654
438,011900,3,530330119003,Block Group 3,+47.5050665,-122.2578467,11900,11900.3,11900.3,110.77661889,110.7770952,0,,11613.1796597534,4825429.5190091
439,011900,4,530330119004,Block Group 4,+47.4989808,-122.2651804,11900,11900.4,11900.4,148.8132323,148.81476781,0,,11913.6469706802,6482304.39912701
440,011900,5,530330119005,Block Group 5,+47.5086642,-122.2659395,11900,11900.5,11900.5,211.38442245,211.38580397,0,,15437.2492081935,9207905.44194752
441,012000,1,530330120001,Block Group 1,+47.5141277,-122.3754368,12000,12000.1,12000.1,115.17606298,115.17754782,0,,10651.5102920153,5017069.30346514
442,012000,2,530330120002,Block Group 2,+47.5100826,-122.3805420,12000,12000.2,12000.2,125.70475982,125.70571968,0,,13369.28855515,5475699.33787742
443,012000,3,530330120003,Block Group 3,+47.5148103,-122.3860011,12000,12000.3,12000.3,116.80371921,116.80448965,0,,10330.3748280458,5087970.00869626
444,012100,1,530330121001,Block Group 1,+47.5081679,-122.3910859,12100,12100.1,12100.1,505.72934548,209.76503977,295.96775193,,29023.7462955231,22029570.2892873
445,012100,2,530330121002,Block Group 2,+47.5022795,-122.3781750,12100,12100.2,12100.2,265.43133212,215.57621702,49.8572172,,16708.0153155929,11562188.8270709
446,026001,1,530330260011,Block Group 1,+47.5061068,-122.2420482,26001,26001.1,26001.1,14.99977158,14.99977158,0,,8005.85906883024,653390.049920022
447,026400,4,530330264004,Block Group 4,+47.5099893,-122.3222332,26400,26400.4,26400.4,16.32813679,16.32813679,0,,6023.64775124408,711253.638592276
448,026400,5,530330264005,Block Group 5,+47.5161607,-122.3192934,26400,26400.5,26400.5,0.1005861,0.1005861,0,,318.55424562987,4381.53050100587
449,026500,1,530330265001,Block Group 1,+47.5157215,-122.3347679,26500,26500.1,26500.1,102.04701619,102.04701619,0,,11122.0144992467,4445168.02515097
450,990100,0,530339901000,Block Group 0,+47.5106478,-122.4154213,990100,990100,990100.0,22813.59874963,0,59208.37522694,1,247514.77045831,993760361.534045
451,007402,1,530330074021,Block Group 1,+47.6198948,-122.3239006,7402,7402.1,7402.1,27.91558611,27.91623621,0,,5212.49158320099,1216002.93088642
452,007402,2,530330074022,Block Group 2,+47.6175733,-122.3233876,7402,7402.2,7402.2,18.26443444,18.26528845,0,,4003.86007398341,795598.764201189
453,007402,3,530330074023,Block Group 3,+47.6181141,-122.3265790,7402,7402.3,7402.3,15.41659667,15.41739893,0,,3867.25795035043,671546.951112111
454,007500,1,530330075001,Block Group 1,+47.6221264,-122.3141747,7500,7500.1,7500.1,26.93931591,26.94041706,0,,4628.28726557411,1173476.60091838
455,007500,2,530330075002,Block Group 2,+47.6170592,-122.3141653,7500,7500.2,7500.2,34.05718305,34.05828756,0,,5658.47242474998,1483530.8934418
456,007500,3,530330075003,Block Group 3,+47.6226825,-122.3183213,7500,7500.3,7500.3,34.09458782,34.09658889,0,,4886.91875632307,1485160.24524387
457,007500,4,530330075004,Block Group 4,+47.6147380,-122.3174348,7500,7500.4,7500.4,58.57803891,58.58053136,0,,9127.40964876907,2551659.37493172
458,007500,5,530330075005,Block Group 5,+47.6186658,-122.3187904,7500,7500.5,7500.5,44.43749709,44.43943172,0,,6850.05423731032,1935697.37324017
459,007600,1,530330076001,Block Group 1,+47.6242270,-122.3075099,7600,7600.1,7600.1,42.16272339,42.16457958,0,,6502.16283298414,1836608.2306673
460,007600,2,530330076002,Block Group 2,+47.6207018,-122.3052922,7600,7600.2,7600.2,52.74797459,52.750327,0,,6509.08561415289,2297701.77308015
461,007600,3,530330076003,Block Group 3,+47.6210493,-122.3102624,7600,7600.3,7600.3,46.39724958,46.3992245,0,,6101.59541073219,2021064.19152654
462,007700,1,530330077001,Block Group 1,+47.6191944,-122.2940691,7700,7700.1,7700.1,97.71043056,97.71510476,0,,11335.942968127,4256266.3550899
463,007700,2,530330077002,Block Group 2,+47.6230424,-122.2989817,7700,7700.2,7700.2,57.51327413,57.51575427,0,,7104.93761815015,2505278.22091824
464,007700,3,530330077003,Block Group 3,+47.6151944,-122.2992865,7700,7700.3,7700.3,59.95373245,59.95616701,0,,6606.45156096,2611584.58544261
465,007700,4,530330077004,Block Group 4,+47.6191757,-122.2997472,7700,7700.4,7700.4,46.32872034,46.33077631,0,,6726.12712594594,2018079.0581375
466,007800,1,530330078001,Block Group 1,+47.6141558,-122.2810958,7800,7800.1,7800.1,993.23911437,199.57268412,793.70866141,,37020.7752201866,43265495.8218024
467,011500,1,530330115001,Block Group 1,+47.5324342,-122.3724945,11500,11500.1,11500.1,136.89243405,136.89465134,0,,12611.0294041773,5963034.42701628
468,011500,2,530330115002,Block Group 2,+47.5250339,-122.3763326,11500,11500.2,11500.2,131.49396823,131.49564587,0,,11934.5257378552,5727877.25608719
469,011500,3,530330115003,Block Group 3,+47.5334850,-122.3783143,11500,11500.3,11500.3,111.74795844,111.74994908,0,,10757.6600879565,4867741.06978578
470,011600,1,530330116001,Block Group 1,+47.5377577,-122.3842469,11600,11600.1,11600.1,109.95424738,109.95571691,0,,10551.6717518587,4789607.01584011
471,011600,2,530330116002,Block Group 2,+47.5319232,-122.3849104,11600,11600.2,11600.2,78.72974678,78.73148097,0,,8105.33368766794,3429467.76958594
472,011600,3,530330116003,Block Group 3,+47.5259491,-122.3859234,11600,11600.3,11600.3,136.81594764,136.81903709,0,,13303.98508059,5959702.67911812
473,011600,4,530330116004,Block Group 4,+47.5195300,-122.3838260,11600,11600.4,11600.4,143.27553955,143.27713622,0,,12879.5625345878,6241082.50269097
474,011600,5,530330116005,Block Group 5,+47.5247720,-122.3934287,11600,11600.5,11600.5,127.10923227,81.43506094,45.67619415,,13395.0140301512,5536878.1577917
475,011600,6,530330116006,Block Group 6,+47.5338344,-122.3952427,11600,11600.6,11600.6,412.56344154,218.25508645,194.31527004,,23986.3644447983,17971263.5133625
476,011700,1,530330117001,Block Group 1,+47.5253731,-122.2788950,11700,11700.1,11700.1,135.48167308,135.48293829,0,,13641.8347316066,5901581.67956913
477,011700,2,530330117002,Block Group 2,+47.5195872,-122.2875646,11700,11700.2,11700.2,392.01842307,392.02304985,0,,25580.3504060867,17076322.5090904
478,011700,3,530330117003,Block Group 3,+47.5254231,-122.2847614,11700,11700.3,11700.3,125.00748224,125.00888251,0,,14804.2218136569,5445325.92654466
479,011700,4,530330117004,Block Group 4,+47.5148776,-122.2755994,11700,11700.4,11700.4,213.85687312,213.85908172,0,,17917.7958950719,9315605.3930416
480,011800,1,530330118001,Block Group 1,+47.5154414,-122.2532080,11800,11800.1,11800.1,648.59380632,87.86869664,560.7330132,,21875.1245323648,28252746.2034287
481,011800,2,530330118002,Block Group 2,+47.5159969,-122.2571162,11800,11800.2,11800.2,92.83970873,92.84070401,0,,9865.25566752803,4044097.71226381
482,011800,3,530330118003,Block Group 3,+47.5168113,-122.2639039,11800,11800.3,11800.3,83.89544007,83.89647764,0,,7754.1431103747,3654485.36941829
